dataset_key,dataset_name,config_name,split,row_index,relevance_score,recommendation,task_types,matched_terms,pediatric_flag,chart_related_flag,syndrome_specific_flag,prematurity_flag,quantitative_flag,question_text,answer_text,context_text,options_text,explanation_text
medmcqa,openlifescienceai/medmcqa,,train,3086,3,direct_reuse_or_small_rewrite,percentile_or_quantitative_interpretation,bone age; child,True,False,False,False,True,Which of the following X-ray should be advised for age determination between 1-13 years of age,1,subject: Pediatrics | topic: Growth and development,A: Shoulder | B: Wrist | C: Elbow | D: Iliac bones,"A bone age study helps doctors estimate the maturity of a child&;s skeletal system. It&;s usually done by taking a single X-ray of the left wrist, hand, and fingers. It is a safe and painless procedure that uses a small amount of radiation. ... The bone age is measured in years . Reference: GHAI Essential pediatrics, 8th edition"
medmcqa,openlifescienceai/medmcqa,,train,5326,3,direct_reuse_or_small_rewrite,chart_selection; percentile_or_quantitative_interpretation; growth_disorder_differential,Bone age; Constitutional Delay; IGF-1; Neonate; bone age; centile; child; constitutional delay; height; stature,True,True,False,False,True,Which of the following is true about Constitutional Delay in growth?,1,subject: Pediatrics | topic: Growth and development,A: Neonates with constitutional delay show anomalies at bih | B: IGF-1 levels are low for chronological age | C: Bone age is normal | D: IGF-1 levels are low for bone age,"Constitutional growth delay is a physiological variant of sho stature. Here children grow normally upto 6-12 months of life. Thereafter, there is deceleration such that the height and weight fall below the 3rd centile. By 3 yrs of age,normal height velocity is resumed and continues to grow below and parallel to the 3rd centile. Here pubey is delayed; And the bone age is consistent with the child&;s height age, but lower than the chronological age by 2-3 yrs , unlike in the familial sho stature. Hence IGF-1 produced is low for the chronological age but consistent with the bone age that corresponds to the height age. Ref. OP.Ghai ,9th edition, chapter 2"
medmcqa,openlifescienceai/medmcqa,,train,7276,3,direct_reuse_or_small_rewrite,chart_selection; percentile_or_quantitative_interpretation,child; height; percentile,True,True,False,False,True,Obesity in a child of age 2 years is defined as:,3,subject: Pediatrics | topic: Endocrinology,A: Weight for height more than double of expected | B: Weight for age more than double of expected | C: BMI >30 | D: BMI >95th percentile,"d. BMI >95th percentile(Ref: Nelson's 20/e p 307-315, Ghai 8/e p 528-529)Obesity in children is defined as BMI >95th percentile; Body mass index (BMI) is equal to weight/height2 (in kg/m2)."
medmcqa,openlifescienceai/medmcqa,,train,9231,3,direct_reuse_or_small_rewrite,percentile_or_quantitative_interpretation,growth velocity,True,False,False,False,True,Postnatally when is the growth velocity maximum?,0,subject: Pediatrics | topic: Growth,A: In the first year of life | B: In the second year of life | C: In the seventh year of life | D: In adolescence,Postnatally there are 2 periods of accelerated growth: first year of life and growth spu during pubey.
medmcqa,openlifescienceai/medmcqa,,train,9347,3,direct_reuse_or_small_rewrite,chart_selection,Child; Growth Standards; child; height; length,True,False,False,False,False,All are true about anthropometric measurements except:,3,"subject: Pediatrics | topic: Growth, Development, and Behavior",A: Birth weight triples by 1 year | B: Skinfold thickness is measured in sub scapular region | C: Weight is measured to the nearest 100 gram | D: Standing height is about 1.7 cm less than recumbent length,"d. Standing height is about 1.7cm less than recumbent length(Ref: Training Course on Child Growth Assessment WHO Child Growth Standards, 2008)If a child <2 years old, measure recumbent length.If>2 years age & able to stand, measure standing height.Standing height is about 0.7cm less than recumbent length."
medmcqa,openlifescienceai/medmcqa,,train,9634,3,direct_reuse_or_small_rewrite,chart_selection; percentile_or_quantitative_interpretation,CHILD; Head circumference; centile; centiles; child; head circumference; pediatrician,True,True,False,False,True,Red flag sign in child development if not attained by __________,3,subject: Pediatrics | topic: Growth and development,A: No single word at 18 month | B: Not able sit with unsuppoed by 12 months | C: Not walking alone by 18 month in boys | D: All of the above,"Red Flags in Developmental Screening and SurveillanceThese indicators suggest that development is seriously disordered and that the child should be promptly referred to a developmental or community pediatrician. Note: Most children do not have ""red flags"" and thus require quality screening to detect any problems. POSITIVE INDICATORS (THE PRESENCE OF ANY OF THE FOLLOWING) Loss of developmental skills at any ageParental or professional concerns about vision, fixing, or following an object or a confirmed visual impairment at any age (simultaneous referral to pediatric ophthalmology)Hearing loss at any age (simultaneous referral for expe audiologic or ear, nose, and throat assessment)Persistently low muscle tone or floppinessNo speech by 18 mo, especially if the child does not try to communicate by other means such as gestures (simultaneous referral for urgent hearing test)Asymmetry of movements or other features suggestive of cerebral palsy, such as increased muscle tonePersistent toe walkingComplex disabilitiesHead circumference above the 99.6th centile or below 0.4th centile. Also, if circumference has crossed 2 centiles (up or down) on the appropriate cha or is dispropoionate to parental head circumferenceAn assessing clinician who is unceain about any aspect of assessment but thinks that development may be disordered NEGATIVE INDICATORS(ACTIVITIES THAT THE CHILD CANNOT DO) Sit unsuppoed by 12 months Walk by 18 mo (boys) or 2 yr (girls) (check creatine kinase urgently)Walk other than on tiptoes Run by 2.5 yr .Hold object placed in hand by 5 months (corrected for gestation)Reach for objects by 6 mo (corrected for gestation)Point at objects to share interest with others by 2 yr Ref.nelson 20th edition pg100"
medmcqa,openlifescienceai/medmcqa,,train,14545,3,direct_reuse_or_small_rewrite,syndrome_specific_growth,Achondroplasia; length,True,False,True,False,False,"A new born is noted to have a large head and sho limbs. On fuher examination, sho broad fingers, a small face, and low-normal length are noted. The trunk appears long and narrow. To confirm the diagnosis you should",1,subject: Pediatrics | topic: Growth and development,A: Order an ophthalmologic examination | B: Obtain skeletal radiographs | C: Order choromosome analysis | D: Examine the parents,Achondroplasia is the diagnosis 1st Achondroplasia is a genetic disorder that results in dwarfism. Obtain skeletal radiographs Ref : Nelson paediatrics
medmcqa,openlifescienceai/medmcqa,,train,18314,3,direct_reuse_or_small_rewrite,chart_selection; percentile_or_quantitative_interpretation; growth_disorder_differential; prematurity_or_perinatal_growth; syndrome_specific_growth,Child; Down syndrome; Growth hormone deficiency; achondroplasia; centile; height; small for gestational age; stature,True,True,True,True,True,The most common etiology of sho stature is?,3,subject: Pediatrics | topic: Growth and development,A: Thyroxine deficiency | B: Growth hormone deficiency | C: Systemic diseases | D: Constitutional growth delay,"Sho stature Defined as height below third centile or more than 2 standard detions below the median height for age and gender according to the population standard. Children whose stature is more than 3 SD below the population mean for age and gender are more likely to be suffering from pathological sho stature as compared to those with stature between -2 and -3SD , who are more likely to be affected by familial or constitutional sho stature. CAUSES:- 1. The most common cause is constitutional. 2. Familial 3. Pathological causes include: Undernutrition Chronic systemic illness Cerebral palsy Congenital hea disease Cystic fibrosis, asthma Malabsorption Acquired immunodeficiency syndrome 4. Endocrine causes include: Growth hormone deficiency Hypothyroidism Cushing syndrome Pseudohypoparathyroidism Precocious or delayed pubey 5. Psychosocial dwarfism 6. Children born small for gestational age. 7. Skeletal dysplasia; achondroplasia, rickets. 8. Genetic syndrome; Turner, Down syndrome. Reference: GHAI Essential pediatrics, 9th edition"
medmcqa,openlifescienceai/medmcqa,,train,22534,3,direct_reuse_or_small_rewrite,syndrome_specific_growth,Down syndrome,True,False,True,False,False,Delayed dentition is seen in ____________,3,subject: Pediatrics | topic: Growth and development,A: Down syndrome | B: Congenital hypothyroidism | C: Rickets | D: All of the above,".Abnormalities in tooth eruption (timing and sequence) is often caused by genetics and may result in malocclusion. In severe cases, such as in Down syndrome,congenital hypothyroidism & rickets , the eruption may be delayed by several years and some teeth may never erupt Reference: GHAI Essential pediatrics, 8th"
medmcqa,openlifescienceai/medmcqa,,train,22578,3,direct_reuse_or_small_rewrite,percentile_or_quantitative_interpretation,bone age; child; infant,True,False,False,False,True,X-ray of which of the following would be most appropriate for determining bone age at 7 months?,0,"subject: Pediatrics | topic: Growth, Development, and Behavior",A: Shoulder | B: Medial end of clavicle | C: Wrist | D: Knee,Ans. a (Shoulder) (Ref OP Ghai 6th/p. 6; 7th/p. 4)Additional Educational Points:To determine the skeletal age in:# Radiograph of SHOULDER is most helpful = infant between 3 and 9 months.# A single film of hands and wrist = adequate in children between 1 and 13 years.# Film of elbow and hip = Between 12 and 14 years children.Eruption of permanent teeth occurs in folowinz order# First molar = 6-7 yrs# Central and lateral incisor = 6-8 yrs# Canines and premolars= 9-12 yrs# Second molars = 12 yrs# Third molars = >18 yrs.
medmcqa,openlifescienceai/medmcqa,,train,26465,3,direct_reuse_or_small_rewrite,chart_selection,Head circumference; Height; Length; child; infant; neonate; newborn,True,True,False,False,False,Weight Gain in the second year of life is _____________,2,subject: Pediatrics | topic: Growth and development,A: 1 kg | B: 2 kg | C: 3 kg | D: 4 kg,"The average bih weight of neonates is about 3 kg. During the first a few days after bih, the newborn loses extracellular fluid equivalent to about 10% of the body weight. Most infants regain their bih weight by the age of 10 days. Subsequently, they gain weight at a rate of approximately 20-40 g per day for the first 3 months of life. Thereafter, they gain about 400 g weight every month for the remaining pa of the first year. An infant usually doubles his bih weight by the age of 5 months. The bih weight triples at 1 year and is four times at 2 years of age. Thus, the weight at 5months, 1 year and 2 years is approximately 6, 9 and 12 kg, respectively. The weight of a child at the age of 3 years is approximately five times that of the bih weight. At 5 years, the expected weight can be calculated by multiplying the bih weight by 6, at 7 years by 7 and at 10 years by 10. It follows that the expected weight at 3, 5, 7 and 10 years is approximately 15, 18, 21 and 30 kg, respectively. On an average, a child gains about 2 kg every year between the ages of 3 and 7 years, and 3 kg per year after that till the pubeal growth spu begins. Approximate anthropometric values *by age Age Weight {kg) Length or Height(cm) Head circumference {cm) Bih 3 50 34 6 months 6 (doubles) 65 43 1 year 9 (triples) 75 46 2 years 12 (quadruples) 90 48 3 years 15 95 49 4 years 16 100 50 Ref : ghai 9edition Pg 13"
medmcqa,openlifescienceai/medmcqa,,train,26609,3,direct_reuse_or_small_rewrite,chart_selection,Height; Weight-for-age; child; height; length-for-age,True,True,False,False,False,Which of the following is the best indicator of longterm nutritional status?,1,subject: Pediatrics | topic: Growth and development,A: Mid arm circumference | B: Height for age | C: Weight for age | D: Weight for height,"Height-for-age (or length-for-age for children <2 yr) is a measure of linear growth, and a deficit represents the cumulative impact of adverse events, usually in the first 1,000 days from conception, that result in stunting, or chronic malnutrition. A low height-for-age typically reflects socioeconomic disadvantage. A low weight-for-height, or wasting, usually indicates acute malnutrition. Conversely, a high weight-for-height indicates overweight. Weight-for-age is the most commonly used index of nutritional status, although a low value has limited clinical significance as it does not differentiate between wasting and stunting. Weight-for-age has the advantage of being somewhat easier to measure than indices that require height measurements. In humanitarian emergencies and some field settings, mid-upper arm circumference is used for screening wasted children . Ref.nelson 20th edition page no 298 nutrition chapter"
medmcqa,openlifescienceai/medmcqa,,train,31164,3,direct_reuse_or_small_rewrite,chart_selection; percentile_or_quantitative_interpretation,PERCENTILE; child; percentile,True,True,False,False,True,BMI is measured in children by:,0,subject: Pediatrics | topic: Assessment of Growth,A: Wt.kg/Ht.m2 | B: Wt.kg/Ht.cm2 | C: Wt.gm/Ht.cm2 | D: Wt.gm/Ht.m2,"Ans. (a) Wt.kg/Ht.m2Ref.-.Nelson 18th ed., chapter 44Also note that the way we diagnose obesity in children is different from adultsBMI PERCENTILE FOR AGEWEIGHT STATUS<5th percentileUnderweight5th-84th percentileNormal weight85th-94th percentileAt risk for overweight>95th percentileOverweightThe obesity guidelines for adults areBMI (kg/m2)WEIGHT STATUS<18.5Underweight18.5-24.9Normal weight25-29.9Overweight30-34.9Obese35-39.9Moderately obese40-49.9Morbid obesity>50Super morbid obesity"
medmcqa,openlifescienceai/medmcqa,,train,33699,3,direct_reuse_or_small_rewrite,chart_selection,Head circumference; head circumference,True,True,False,False,False,Average head circumference at birth is -,0,subject: Pediatrics | topic: Assessment of Growth,A: 35cm | B: 40cm | C: 45cm | D: 50cm,"Ans. is 'a' i.e., 35 cm Head circumferenceo Head circumference is measured from the occipital protuberance to the supraorbital ridge of forehead which is the maximum occipito frontal diameter of skull.o The head circumference in utero grows by 0[?]5 cm in first 2 weeks, 0[?]75 cm in 3rd week and after that 1 cm/week till birth.o The average head circumference at birth is 35 cm, which becomes 40 cm at 3 months, 43 cm at 6 months, 46 cm at 1 year, 48 cm at 2 years and 52 cm at 12 years.o Head circumference is important to add to the diagnosis of neurological dysfunction and microcephaly. o Microcephaly is defined as a head circumference that measures more than three standard deviation below the mean for age. Macrocephaly is defined as head circumference that measure more than two standared deviation greater than mean for age."
medmcqa,openlifescienceai/medmcqa,,train,35380,3,direct_reuse_or_small_rewrite,percentile_or_quantitative_interpretation; growth_disorder_differential; syndrome_specific_growth,Constitutional delay; Prader-willi; bone age,True,False,True,False,True,Most common cause of delayed pubey in males is:,2,subject: Pediatrics | topic: Disorders of Pubey,A: Kallman syndrome | B: Klinefelter syndrome | C: Constitutional | D: Prader-willi syndrome,DELAYED PUBEY: More common in boys Delayed pubey in boys - lack of pubeal changes by 14 yrs of age Most common cause of delayed pubey is constitutional. Constitutional delay in pubey in boys: Have growth retardation & delayed bone age Family history of delayed pubey is present Gonadotropin levels - prepubeal - similar to hypogonadotropic hypogonadism
medmcqa,openlifescienceai/medmcqa,,train,37908,3,direct_reuse_or_small_rewrite,prematurity_or_perinatal_growth,child; gestational age; infant; neonate; newborn; small for gestational age,True,False,False,True,False,Hypoglycemia in neonates occurs in blood glucose less than,1,subject: Pediatrics | topic: Endocrinology,A: 20 mg% | B: 40 mg% | C: 60 mg% | D: 10mg%,"B. i.e. (40%) (177 - Ghai 6th) (155. Ghai 7th)NEONATAL HYPOGLYCEMIA is defined as blood glucose of less than 40 mg/dL irrespective of the gestational age* Early transitional adaptive hypoglycemia occurs in LBW and babies of diabetic mothers* Classical transient neonatal hypoglycemia is observed in infants with small for gestational age infants* Recurrent severe hypoglycemia is caused by enzymatic or metabolic defectsClinical features* Sweating, tremors, Jitteriness and tachycardia, Diminished utilization of glucose in the cerebrum manifests as lethargy or irritability , restlessness, disturbance in sensorium and convulsions* Hypercalciuria is said to be present in children if daily calcium excretion in urine is more than 4 mg/ kg* Total body water of newborn is 80% of body weight**** Cardiac out put of a normal newborn is 350 ml/kg/ml"
medmcqa,openlifescienceai/medmcqa,,train,38058,3,direct_reuse_or_small_rewrite,percentile_or_quantitative_interpretation; growth_disorder_differential,GH DEFICIENCY; Growth hormone deficiency; bone age; stature,True,False,False,False,True,"A 9-year-old boy presents with growth retardation and propensity to hypoglycemia. Physical examination reveals sho stature, micropenis, increased fat and high-pitched voice. The skeletal survey reveals bone age of 5 years. Which of the following is most appropriate diagnosis?",1,subject: Pediatrics | topic: Disorders of Pituitary Gland,A: Malabsorption | B: Growth hormone deficiency | C: Adrenal tumour | D: Thyroxin deficiency,"- Features mentioned in the question suggests the diagnosis of Growth hormone deficiency CLINICAL FEATURES OF GH DEFICIENCY: Delayed bone age, dentition, pubey , milestones Hypoglycemia Frontal bossing High pitched voice Sho stature"
medmcqa,openlifescienceai/medmcqa,,train,38546,3,direct_reuse_or_small_rewrite,percentile_or_quantitative_interpretation,child; growth velocity; height; length,True,False,False,False,True,Growth spu occurs at __________,1,subject: Pediatrics | topic: Adolescence,A: Just before appearance of axillary hair | B: Just before menarche | C: After 16 years | D: Before thelarche,"Adolescence: Stage of transmission from childhood to adulthood. During this stage, there will be an appearance of sexual characters with changes in cognition and psychology. Adolescence refers to this entire process, pubey refers to the physical aspect. Age 10-19 year is considered as a period of adolescence and pubey marks the early half of adolescence. Pubey in girls stas with breast development( thelarche) anytime between 8-13 years. This is followed by an appearance of pubic hair (pubarche) and subsequently, menstruation ( menarche), occurring at an average of 12.6 years. Menarche occurs after 2-21/2 years of thelarche. In boys, the earliest change is an increase in testicular size( testicular volume reaching 4 ml) and this occurs between 9-14 years. This is followed by an appearance of pubic hair and lengthening of the penis. Spermarche( sperm production) stas during mid-adolescence. Laryngeal growth, manifesting as cracking of voice, begins in boys in mid-pubey, deepening of voice is complete by end of pubey. During pubey, boys gain 20-30 cm and girls 16-28 cm of height. Peak growth velocity in girls occurs before attainment of menarche. Boys have their peak growth in later stages of pubey. Reference: GHAI Essential pediatrics, 8th edition"
medmcqa,openlifescienceai/medmcqa,,train,44976,3,direct_reuse_or_small_rewrite,percentile_or_quantitative_interpretation; growth_disorder_differential,Bone age; GH DEFICIENCY; GH deficiency; Growth hormone deficiency; bone age; stature,True,False,False,False,True,Upper segment : lower segment ratio in Growth hormone deficiency:,2,subject: Pediatrics | topic: Disorders of Pituitary Gland,A: Increases | B: Decreases | C: Remains unchanged | D: Cannot comment,"- Growth hormone deficiency is a cause of propoionate sho stature - so upper segment : lower segment ratio remains normal or unchanged. CLINICAL FEATURES OF GH DEFICIENCY: Delayed bone age, dentition, pubey, milestones Hypoglycemia Frontal bossing High pitched voice Sho stature DIAGNOSIS: 1. GH stimulation test : Done using insulin/ arginine/ clonidine/ glucagon Peak GH level <10 ng/ml - GH deficiency 2. Bone age < Chronological age Treatment:Recombinant GH injections subcutaneously"
medmcqa,openlifescienceai/medmcqa,,train,45890,3,direct_reuse_or_small_rewrite,percentile_or_quantitative_interpretation,bone age; child; infant,True,False,False,False,True,Which X ray is used to determine bone age in a 3 year old child?,1,subject: Pediatrics | topic: Growth,A: Knee | B: Wrist | C: Shoulder | D: Ankle,"To determine the skeletal age in infants between 3 and 9 months age, X ray of shoulder is most useful. X ray of hand and wrist is most useful for children between 1 and 13 year age."
medmcqa,openlifescienceai/medmcqa,,train,46119,3,direct_reuse_or_small_rewrite,chart_selection; percentile_or_quantitative_interpretation; growth_disorder_differential,Short stature; centile; centileS; height; short stature; stature,True,True,False,False,True,Short stature is defined as a height below:,0,"subject: Pediatrics | topic: Growth, Development, and Behavior",A: 3rd centile | B: 5th centile | C: 15th centile | D: 25th centile,"Ans. A. 3rd centileShort stature is defined as height below 3rd centile or more than 2 standard deviations below the height for age and gender (<-2SD) according to population standard. Short stature can be physiological or pathological.Physiological short stature can be either familial or constitutional. Pathological causes of short stature include undernutrition, chronic systemic illness, malabsorption, endocrine diseases, skeletal dysplasias, genetic syndromes"
medmcqa,openlifescienceai/medmcqa,,train,51582,3,direct_reuse_or_small_rewrite,prematurity_or_perinatal_growth; syndrome_specific_growth,Russell-Silver; infant; preterm,True,False,True,True,False,Membraneous gap seen between fetal skull bone is known as,0,"subject: Pediatrics | topic: Growth, Development, and Behavior",A: Fontanelle | B: Suture | C: Wormian bone | D: Craniosynostosis,"Ans) a (Fontanelle) Ref D.C. Dutta p84,Nehon 18th ed p 677Flat bones of the vault are united together by nonossified membranes attached to the margin of the bone.These are called sutures and fontanelles.Wide gap in the suture line is called fontanelleCraniosynostosis is defined as premature closure of the cranial suturesDisorders Associated with a Large Anterior FontanelAchondroplisinIntrauterine growth retardationApert syndromeKenny syndromeAthyrotic hypothyroidismOsteogenesis imperfectnCleidocrininl dysostosisPrematurityCongenital rubella syndromePylenodysctslosisHallermantl-Sucill syndromeRussell-Silver syndromeHydrocephaly13-, 18-, 21-trisoniesHypophospnatasiaVitamin D deficiency ricketsPersistently small fontanels suggest microcephaly, craniosynostosis, con-genital hyperthyroidism, or wormian bones. A 3rd fontanel suggests trisomy 21 but is seen in preterm infants. Soft areas in the occipital region suggest the irregular calcification and wonnian bone formation.Important causes of wonnian bones Hypothyroidism/ cretinismHypophosphatasia RcketsCliedocraniodysostosis / pyknodysostosis Osteogenesis imperfecta"
medmcqa,openlifescienceai/medmcqa,,train,53165,3,direct_reuse_or_small_rewrite,chart_selection; percentile_or_quantitative_interpretation; growth_disorder_differential; prematurity_or_perinatal_growth; syndrome_specific_growth,Child; Down syndrome; Growth hormone deficiency; achondroplasia; centile; height; small for gestational age; stature,True,True,True,True,True,The most common cause of sho stature is ___________,0,subject: Pediatrics | topic: Growth and development,A: Constitutional | B: Systemic diseases | C: Hypothyroidism | D: Growth hormone deficiency,"sho stature: Defined as height below third centile or more than 2 standard detions below the median height for age and gender according to the population standard. Children whose stature s more than 3 SD below the population mean for age and gender are more likely to be suffering from pathological sho stature as compared to those with stature between -2 and -3SD , who are more likely to be affected by familial or constitutional sho stature. CAUSES:- 1. Most common cause is constitutional. 2. Familial 3. Pathological causes include: Undernutrition Chronic systemic illness Cerebral palsy Congenital hea disease Cystic fibrosis,asthma Malabsorption Acquired immunodeficiency syndrome 4. Endocrine causes include: Growth hormone deficiency Hypothyroidism Cushing syndrome Pseudohypoparathyroidism Precocious or delayed pubey 5. Psychosocial dwarfism 6. Children born small for gestational age. 7. Skeletal dysplasia; achondroplasia, rickets. 8. Genetic syndrome; Turner, Down syndrome. Reference: GHAI Essential pediatrics, 8th edition"
medmcqa,openlifescienceai/medmcqa,,train,55914,3,direct_reuse_or_small_rewrite,prematurity_or_perinatal_growth,Preterm; child; infant,True,False,False,True,False,When ICF and ECF of child become to adult person -,0,subject: Pediatrics | topic: Assessment of Growth,A: 1 year | B: 2 year | C: 3 year | D: 4 year,"Ans. is 'a' i.e., 1 year o Fetus has very high TBW (Total body water) and gradually decrease to approx 75% of BW for term infant,o Preterm infant have higher TBW.o During ist year of life, TBW decrease to approx 60% of body (Equal to adult).o TBW is divided b/w 2 main compartment ICF & ECF. In future ECF is larger then ICF.o By age of 1 year ratio of ICF volume to the ECF volumes. Approches adult level."
medmcqa,openlifescienceai/medmcqa,,train,58267,3,direct_reuse_or_small_rewrite,prematurity_or_perinatal_growth; syndrome_specific_growth,Down syndrome; IUGR; infant; length,True,False,True,True,False,All are findings asssociated with the prenatal diagnosis for Down&;s syndrome except _____,2,subject: Pediatrics | topic: Growth and development,A: Reduced femur and humerus length | B: Nuchal translucency >3mm | C: Increased umbilical blood flow | D: Ventricular septum defect may be present,"Increased umbilical flow is not seen during the prenatal screening for Down&;s syndrome, instead the flow is decreased. Reduced blood flow through the umbilical vessels and abnormal blood flow through ductus venosus(DV) in the first trimester are associated with chromosomal abnormalities, especially Down syndrome. This decrease in blood flow causes IUGR in infants born with Down syndrome. Ref: Nelson textbook of pediatrics 21st edition Pgno: 662"
medmcqa,openlifescienceai/medmcqa,,train,59594,3,direct_reuse_or_small_rewrite,chart_selection; percentile_or_quantitative_interpretation; prematurity_or_perinatal_growth,LGA; Small for gestational age; gestational age; large for gestational age; percentile; percentileS; small for gestational age,True,True,False,True,True,A baby is said to be small for gestational age if its weight is < ------ percentile:,1,"subject: Pediatrics | topic: Growth, Development, and Behavior",A: 5th | B: 10th | C: 25th | D: 50th,"Ans. B. 10thDepending upon birth weight, babies can be classified asAGA (appropriate for gestational age): Birthweight between 10th percentile and 90th percentileSGA (Small for gestational age): Birthweight below 10th percentileLGA (large for gestational age): Birthweight above 90th percentile"
medmcqa,openlifescienceai/medmcqa,,train,61847,3,direct_reuse_or_small_rewrite,percentile_or_quantitative_interpretation,Adolescent; growth velocity,True,False,False,False,True,Order of development of secondary sexual characteristics in male-,0,subject: Pediatrics | topic: Pubey and Adolescent Health,A: Testicular development- pubic hair- axillary hair-beard | B: Pubic hair- testicular development- axillary hair--beard | C: Testicular development- beard- pubic hair- axillary hair | D: Axillary hair-beard- pubic hair- testicular development,The sequence of development of secondary sexual characteristics in boys: Testicular enlargement - Penis enlargement - Pubic hair growth- Peak growth velocity -Axillary hair -Facial hair
medmcqa,openlifescienceai/medmcqa,,train,63170,3,direct_reuse_or_small_rewrite,percentile_or_quantitative_interpretation,adolescent; child; growth velocity; height; length,True,False,False,False,True,WHO defines adolescent age between,0,subject: Pediatrics | topic: Adolescence,A: 10-19 years | B: 10-14 years | C: 10-25 years | D: 9-14 years,"Adolescence: Stage of transmission from childhood to adulthood. During this stage, there will be an appearance of sexual characters with changes in cognition and psychology. Adolescence refers to this entire process, pubey refers to the physical aspect. Age 10-19 year is considered as a period of adolescence and pubey marks the early half of adolescence. Pubey in girls stas with breast development( thelarche) anytime between 8-13 years. This is followed by an appearance of pubic hair ( pubarche) and subsequently menstruation ( menarche), occurring at an average of 12.6 years. Menarche occurs after 2-2 1/2 years of thelarche. In boys, the earliest change is an increase in testicular size( testicular volume reaching 4 ml) and this occurs between 9-14 years. This is followed by an appearance of pubic hair and lengthening of the penis. Spermarche( sperm production) stas during mid-adolescence. Laryngeal growth, manifesting as cracking of voice, begins in boys in mid-pubey, deepening of voice is complete by end of pubey. During pubey, boys gain 20-30 cm and girls 16-28 cm of height. Peak growth velocity in girls occurs before attainment of menarche. Boys have their peak growth in later stages of pubey. Reference: GHAI Essential pediatrics, 8th edition"
medmcqa,openlifescienceai/medmcqa,,train,65024,3,direct_reuse_or_small_rewrite,syndrome_specific_growth,Down syndrome,True,False,True,False,False,A 1 yr 5 month old boy was brought to the Pediatrics OPD by his mother. She complained that her son did not have any teeth till then. All of the following could be the underlying causes EXCEPT?,1,subject: Pediatrics | topic: Growth,A: Rickets | B: Pierre Robin sequence | C: Cleidocranial dysostosis | D: Down syndrome,Delayed dentition: - When no tooth has erupted by the age of 13 months. Answer is Pierre Robin sequence- cause of natal teeth
medmcqa,openlifescienceai/medmcqa,,train,68077,3,direct_reuse_or_small_rewrite,chart_selection; percentile_or_quantitative_interpretation; growth_disorder_differential; prematurity_or_perinatal_growth; syndrome_specific_growth,Child; Down syndrome; Growth hormone deficiency; achondroplasia; centile; height; small for gestational age; stature,True,True,True,True,True,The most common cause sho stature is __________,0,subject: Pediatrics | topic: Growth and development,A: Constitutional | B: Systemic diseases | C: Hypothyroidism | D: Growth hormone deficiency,"sho stature : Defined as height below third centile or more than 2 standard detions below the median height for age and gender according to the population standard. Children whose stature s more than 3 SD below the population mean for age and gender are more likely to be suffering from pathological sho stature as compared to those with stature between -2 and -3SD , who are more likely to be affected by familial or constitutional sho stature. CAUSES:- 1. Most common cause is constitutional. 2. Familial 3. Pathological causes include: Undernutrition Chronic systemic illness Cerebral palsy Congenital hea disease Cystic fibrosis,asthma Malabsorption Acquired immunodeficiency syndrome 4. Endocrine causes include: Growth hormone deficiency Hypothyroidism Cushing syndrome Pseudohypoparathyroidism Precocious or delayed pubey 5. Psychosocial dwarfism 6. Children born small for gestational age. 7. Skeletal dysplasia; achondroplasia, rickets. 8. Genetic syndrome; Turner, Down syndrome. Reference: GHAI Essential pediatrics, 8th edition"
medmcqa,openlifescienceai/medmcqa,,train,68447,3,direct_reuse_or_small_rewrite,syndrome_specific_growth,Achondroplasia; Stature,True,False,True,False,False,Upper segment : lower segment ratio decreases in all of the following except?,2,subject: Pediatrics | topic: Sho Stature,A: Spondylo epiphyseal dysplasia | B: Alagille syndrome | C: Achondroplasia | D: Pott's disease,Upper segment : lower segment ratio increases in Achondroplasia- cause of sho limb dwarfism. Sho trunk dwarfism (US:LS ratio- decreases) Sho limb dwarfism (US:LS ratio- increases) Sho- Spondyloepiphyseal dysplasia Rickets Man- Mucopolysaccharidosis Achondroplasia May- Mucolipidosis Osteogenesis imperfecta Climb- Caries spine (pott's disease) Congenital hypothyroidism High- Hemiveebra Chondroectodermal dysplasia
medmcqa,openlifescienceai/medmcqa,,train,69270,3,direct_reuse_or_small_rewrite,prematurity_or_perinatal_growth,IUGR; Infant; Intrauterine Growth Restriction; infant,True,False,False,True,False,Low birth weight baby is the one whose birth weight is?,2,subject: Pediatrics | topic: High-Risk Infant - Prematurity & Intrauterine Growth Restriction,A: Less than 1800 g | B: Less than 2000 g | C: Less than 2500 g | D: Less than 3000 g,"ANSWER: (C) Less than 2500 gREF: Nelson essentials of pediatrics, 17th editionLow birth weight (LBW) infants, defined as infants having birth weights of less than 2500 gt represent a disproportionately large component of the neonatal and infant mortality rates. Although births of LBW infants make up only about 6% to 7% of all births, they account for greater than 70% of neonatal deaths. IUGR is the most common cause of LBW in developing countries, whereas most LBW in infants in developed countries is secondary to prematurity.Very low birth weight (VLBW) infants, weighing less than 1500 g at birth, represent about 1% of all births, but account for 50% of neonatal deaths. Compared with infants weighing 2500 g or more, LBW infants are 40 times more likely to die in the neonatal period; VLBW infants have a 200-fold higher risk of neonatal death.Extremely low birth weight, weighing less than 1000 g at birth."
medmcqa,openlifescienceai/medmcqa,,train,69695,3,direct_reuse_or_small_rewrite,chart_selection; growth_disorder_differential; syndrome_specific_growth,Achondroplasia; Constitutional delay; Familial short stature; Growth hormone deficiency; child; growth chart; height; puberty; short stature,True,True,True,False,False,The growth chart of Rahul is shown from his early childhood till he becomes an adult. He had short stature during childhood. What could be the underlying cause for the same?,2,"subject: Pediatrics | topic: Growth, Development, and Behavior",A: Familial short stature | B: Growth hormone deficiency | C: Constitutional delay in growth & puberty | D: Achondroplasia,"c. Constitutional delay in growth and pubertyHe had short stature during childhood, but the final adult height attained is normal."
medmcqa,openlifescienceai/medmcqa,,train,71573,3,direct_reuse_or_small_rewrite,syndrome_specific_growth,Turner syndrome,True,False,True,False,False,The most common chromosomal syndrome is _____,2,subject: Pediatrics | topic: Growth and development,A: Fragile-X-Syndrome | B: Trisomy 18 | C: Trisomy 21 | D: Trisomy 13,"Trisomy 21 (Down&;s syndrome) is the most common chromosomal syndrome. Chromosomal disorders: These may involve autosomal or sex chromosomes. Involving autosomes Involving sex Chromosomes Down&;s syndrome (Trisomy 21) Edward syndrome (Trisomy 18) Patau syndrome (Trisomy 13) Cri du chat syndrome (5p deletion) Klinefelter syndrome (47,XXY) Turner syndrome (45,XO) Ref: Nelson textbook of pediatrics 21st edition Pgno: 659"
medmcqa,openlifescienceai/medmcqa,,train,75824,3,direct_reuse_or_small_rewrite,percentile_or_quantitative_interpretation; growth_disorder_differential,Constitutional delay; bone age; child; constitutional delay; height; stature,True,False,False,False,True,A child&;s growth variation is normal but bone development is not according to the chronological age. What is diagnosis?,2,subject: Pediatrics | topic: Growth and development,A: Genetic | B: Dwarfism | C: Constitutional delay | D: Familial sho stature,"In constitutional delay, the bone age corresponds to the child&;s height age but is lower than chronological age by 2-4 yrs . Skeletal age is usually assessed by radiographic study of left hand and wrist. Ref- OP.Ghai, 9th edition"
medmcqa,openlifescienceai/medmcqa,,train,76725,3,direct_reuse_or_small_rewrite,percentile_or_quantitative_interpretation; growth_disorder_differential; syndrome_specific_growth,Constitutional delay; Prader-willi; bone age,True,False,True,False,True,Most common cause of delayed pubey in males is,2,subject: Pediatrics | topic: Endocrinology,A: Kallaman syndrome | B: Klienfelter syndrome | C: Constitutional | D: Prader-willi syndrome,"Constitutional delay in growth and pubey is the most common cause of delayed pubey in boys.These boys have growth retardation and delayed bone age.Family history of delayed pubey is present.Gonadotropin levels are prepubeal similar to hypgonadotropic hypogonadism. Reference : OP Ghai ,eseential paediatrics 8 th edition, page no 538 ."
medmcqa,openlifescienceai/medmcqa,,train,78159,3,direct_reuse_or_small_rewrite,percentile_or_quantitative_interpretation,bone age,True,False,False,False,True,Early eiphyseal closure is seen with,2,"subject: Pediatrics | topic: Growth, Development, and Behavior",A: LH | B: FSH | C: Estrogens | D: Progesterone,"(Estrogens): Ref: 1859-Nelson 17thEstrogen has direct result of the known on promoting epiphyseal fusion and therapy must begin before the bone age has reached 12 years (Marfan's syndrome)* Recent studies have demonstrated that is estrogen that mediates epiphyseal fusion in both girls and boys* Androgens also accelerates skeletal maturation, presumably via aromatization to estrogens, but at the price of rapid virilization."
medmcqa,openlifescienceai/medmcqa,,train,81672,3,direct_reuse_or_small_rewrite,chart_selection; percentile_or_quantitative_interpretation,child; growth chart; height; percentile,True,True,False,False,True,A mother comes with her 3 year old female child with complain of that child is not eating anything. Her weight is 11 kg (50thpercentile) and height is 88 cm (75lh percentile). What should be done next?,2,subject: Pediatrics | topic: Assessment of Growth,A: Vitamin rich tonic to be given | B: Forceful eating | C: Nothing should be done actively and assure the patients | D: Complete investigation for UTI,"Ans. is 'c' Nothing should be done actively and assure the parents (Ref. : Parks, 16/e, p373, Ghai 6/e, p 5, Nelson 17/e, p 40-43)WHO prototype growth chart has 2 reference curves.The upper reference curve represents the median (50th percentile) for boys (slightly higher than that for girls).The lower reference curve the 3rd percentile for girls (slightly lower than that for boys).Thus the chart can be used for both sexes.The space between 2 growth curves has been called the road to health*.If the child is growing normally, its growth line will be above the 3rd percentile and will run parallel to the road to health curves.The girls in the question falls between these 2 reference curves that means that she is growing normally. Therefore she does not require anything."
medmcqa,openlifescienceai/medmcqa,,train,84132,3,direct_reuse_or_small_rewrite,chart_selection,Head circumference; child; height,True,True,False,False,False,Best indicator of growth monitoring in children,2,subject: Pediatrics | topic: Growth,A: Weight | B: Mid-arm circumference | C: Rate of increase in height & weight | D: Head circumference,"Rate of increase in height or weight as age advances- Best indicator of growth monitoring in children Uses of growth cha:- 1) For growth monitoring 2) Diagnostic tool for identifying ""high risk"" children 3) Planning and policy making 4) Education tool 5) Tool for action Mid arm circumference, Body weight and chest circumference are one time point estimates therefore they are not adequate to provide information about long term nutritional status of the child."
medmcqa,openlifescienceai/medmcqa,,train,84544,3,direct_reuse_or_small_rewrite,chart_selection,Head circumference; Length; child; height,True,True,False,False,False,At what age does a child attain a height of 100 cms?,2,"subject: Pediatrics | topic: Growth, Development, and Behavior",A: 2 years | B: 3 years | C: 4 years | D: 5 Years,Ans. C. 4 yearsApproximate anthropometric values by ageAGEWeight (kg)Length (cms)Head circumference (cms)Birth350346 Months6 (doubles)65431 year9 (triples)75462 years12 (quadruples)90483 years1595494 years1610050
medmcqa,openlifescienceai/medmcqa,,train,87682,3,direct_reuse_or_small_rewrite,percentile_or_quantitative_interpretation,child; growth velocity; height; length,True,False,False,False,True,The first sign of pubey in females is?,1,subject: Pediatrics | topic: Adolescence,A: Pubarche | B: Thelarche | C: Menarche | D: Increase in height,"Adolescence: Stage of transmission from childhood to adulthood. During this stage, there will be an appearance of sexual characters with changes in cognition and psychology. Adolescence refers to this entire process, pubey refers to the physical aspect. Age 10-19 year is considered as a period of adolescence and pubey marks the early half of adolescence. Pubey in girls stas with breast development( thelarche) anytime between 8-13 years. This is followed by an appearance of pubic hair ( pubarche) and subsequently menstruation ( menarche), occurring at an average of 12.6 years. Menarche occurs after 2-21/2 years of thelarche. In boys, the earliest change is an increase in testicular size( testicular volume reaching 4 ml) and this occurs between 9-14 years. This is followed by an appearance of pubic hair and lengthening of the penis. Spermarche( sperm production) stas during mid-adolescence. Laryngeal growth, manifesting as cracking of voice, begins in boys in mid-pubey, deepening of voice is complete by end of pubey. During pubey, boys gain 20-30 cm and girls 16-28 cm of height. Peak growth velocity in girls occurs before attainment of menarche. Boys have their peak growth in later stages of pubey. Reference: GHAI Essential pediatrics, 8th edition"
medmcqa,openlifescienceai/medmcqa,,train,90461,3,direct_reuse_or_small_rewrite,prematurity_or_perinatal_growth,Infant; Intrauterine Growth Restriction; Neonate; Preterm; neonate,True,False,False,True,False,Preterm neonate target oxygen saturation is?,0,subject: Pediatrics | topic: High-Risk Infant - Prematurity & Intrauterine Growth Restriction,A: 85-95% | B: >95% | C: 70-95% | D: <80%,Ans. (a) 85-95%Ref: Assisted Ventilation of the Neonate P: 136
medmcqa,openlifescienceai/medmcqa,,train,91604,3,direct_reuse_or_small_rewrite,prematurity_or_perinatal_growth,Infant; Intrauterine Growth Restriction; neonate; preterm,True,False,False,True,False,Apnea of prematurity -,2,subject: Pediatrics | topic: High-Risk Infant - Prematurity & Intrauterine Growth Restriction,A: > 10 sec | B: > 15 sec | C: > 20 sec | D: > 30 sec,"Ans. is 'c' i.e., > 20 sec o Apnea of prematurity defined as sudden stoppage of breathing that lasts for 20 sec or is associated with bradycardia or cyanosis.Apnea of prematurity should be differentiated from periodic breathing which is normal phenomenon is preterm neonate."
medmcqa,openlifescienceai/medmcqa,,train,92001,3,direct_reuse_or_small_rewrite,syndrome_specific_growth,Down syndrome; Stature; Turner syndrome; child; stature,True,False,True,False,False,All of the following are causes of 'propoionate sho stature' EXCEPT?,2,subject: Pediatrics | topic: Sho Stature,A: Turner syndrome | B: Down syndrome | C: Osteogenesis imperfecta | D: Chronic kidney disease,"Osteogenesis imperfecta is one of the causes of dispropoionate sho stature, where the limbs are mainly involved, as compared to trunk. Osteogenesis imperfecta: MC cause of multiple fractures in childhood. Autosomal dominant Defected type 1 collagen. C/F: Bone shape- not maintained. Deformed bones, fractures in different areas & different stages of healing. Blue sclera Deafness Dentigerous imperfecta Rx: Gene therapy"
medmcqa,openlifescienceai/medmcqa,,train,93081,3,direct_reuse_or_small_rewrite,chart_selection,Head circumference; head circumference,True,True,False,False,False,Mean head circumference at bih is?,0,subject: Pediatrics | topic: Growth and development,A: 33-35 cm | B: 35-37 cm | C: 37-39 cm | D: 39-41 cm,"Head circumference: Measured with a nonstretchable tape passing through the maximum point of occipital protuberance posteriorly and at a point just above the glabella anteriorly. If the head circumference is more than expected, always measure the both parents&; head circumference, for benign familial macrocephaly is common. At bih, it is around 34 cm. HC increases by 2 cm/month for the first 3 months, 1 cm/month for next three months and 0.5 cm per month for next 6 months. Ref: Ghai Essential Pediatrics, ninth edition. pg. no. 35."
medmcqa,openlifescienceai/medmcqa,,train,99815,3,direct_reuse_or_small_rewrite,chart_selection; percentile_or_quantitative_interpretation; growth_disorder_differential; prematurity_or_perinatal_growth; syndrome_specific_growth,Bone age; Child; Down syndrome; Growth hormone deficiency; Height; Newborn; achondroplasia; centile; child; growth hormone deficiency; height; small for gestational age; stature,True,True,True,True,True,"Sho stature, secondary to growth hormone deficiency is associated with",0,subject: Pediatrics | topic: Growth and development,A: Normal body propoion | B: Low bih weight | C: Normal epiphyseal development | D: Height age equal to skeletal age,"sho stature : Defined as height below third centile or more than 2 standard detions below the median height for age and gender according to the population standard. Children whose stature s more than 3 SD below the population mean for age and gender are more likely to be suffering from pathological sho stature as compared to those with stature between -2 and -3SD , who are more likely to be affected by familial or constitutional sho stature. CAUSES:- 1. Most common cause is constitutional. 2. Familial 3. Pathological causes include: Undernutrition Chronic systemic illness Cerebral palsy Congenital hea disease Cystic fibrosis,asthma Malabsorption Acquired immunodeficiency syndrome 4. Endocrine causes include: Growth hormone deficiency Hypothyroidism Cushing syndrome Pseudohypoparathyroidism Precocious or delayed pubey 5. Psychosocial dwarfism 6. Children born small for gestational age. 7. Skeletal dysplasia; achondroplasia, rickets. 8. Genetic syndrome; Turner, Down syndrome. Growth hormone deficiency:- Growth hormone deficiency may be caused by congenital CNS malformations, genetic defects or acquired neurological insults. These children have normal growth at bih. Growth retardation become apparent around 1 year of age. Midfacial crowding, round facies, mild obesity,depressed nasal bridge,single central incisor tooth and micropenis are common. Body propoions are normal. Development of tooth delayed.Facial appearance is doll like. These children look much younger than their actual age. Bone age is delayed. Newborns may present with severe hypoglycemic seizures due to concomitant ACTH deficiency. Reference: GHAI Essential pediatrics, 8th edition"
medmcqa,openlifescienceai/medmcqa,,train,101128,3,direct_reuse_or_small_rewrite,percentile_or_quantitative_interpretation,Height; growth velocity,True,False,False,False,True,Maximum growth spurt in boys occurs at:,3,"subject: Pediatrics | topic: Growth, Development, and Behavior",A: 8-10 years | B: 10-11 years | C: 12-13 years | D: 14-15 years,"d. 14-15 years(Ref: Nelson's 20/e p 84-89, Ghai 8/e p 13-14)Height velocity curves for males (solid line) and females (dashed line) showing maximum growth velocity in:Boys at 14-15 yrsGirls at 11-13 yrs"
medmcqa,openlifescienceai/medmcqa,,train,102947,3,direct_reuse_or_small_rewrite,syndrome_specific_growth,Down syndrome,True,False,True,False,False,Delayed dentition is seen in:,3,subject: Pediatrics | topic: Growth,A: Down syndrome | B: Congenital hypothyroidism | C: Rickets | D: All of the above,"Causes of delayed dentition: Familial Rickets* Idiopathic; Incontinentiapigmenti* Endocrine causes* : Hypothyroidism, hypoparathyroidism, hypopituitarism Down syndrome* Cleidocranial dysplasia Progeria Advanced dentition- Seen in: o Precocious pubey* o Hypehyroidism*"
medmcqa,openlifescienceai/medmcqa,,train,104060,3,direct_reuse_or_small_rewrite,percentile_or_quantitative_interpretation,Infant; child; infant; lms,True,False,False,False,True,A 2-year-old child (A) presents with a 4-day history of a rash limited to the feet and ankles. The papular rash is both pruritic and erythematous. The 3-month-old sibling of this patient (B) has similar lesions also involving the head and neck. The most appropriate treatment for this condition includes which of the following?,1,"subject: Pediatrics | topic: Growth, Development, and Behavior",A: Coal-tar soap | B: Permethrin | C: Hydrocortisone cream | D: Emollients,"(b) Source: (Hay et al, p 393. Kliegman et al, pp 2319-2320. McMillan et al, pp 1382-1383. Rudolph et al, pp 1301-1302.) Scabies is caused by the mite Sarcoptes scabiei var. hominis. Most older children and adults present with intensely pruritic and threadlike burrows in the interdigital areas, groin, elbows, and ankles; the palms, soles, face, and head are spared. Infants, however, usually present with bullae and pustules, and the areas spared in adults are often involved in infants. The clinical manifestations closely resemble those of atopic dermatitis. Gamma benzene hexachloride (lindane) can cause neurotoxicity through percutaneous absorption, especially in small infants and those with abnormal skin (impetigo, etc), and is, therefore, not recommended in children as first-line therapy for scabies. An excellent alternative--5% permethrin cream (Elimite)--is safer and is more often recommended."
medmcqa,openlifescienceai/medmcqa,,train,104177,3,direct_reuse_or_small_rewrite,prematurity_or_perinatal_growth,Infant; Intrauterine Growth Restriction; premature infant,True,False,False,True,False,Increased oxygen delivery during prematurity causes all the following EXCEPT:,1,subject: Pediatrics | topic: High-Risk Infant - Prematurity & Intrauterine Growth Restriction,A: Vasoconstriction | B: Vasodilation | C: Vaso obliteration | D: Neovascularisation,"Ans. (b) VasodilationRef.:: Nelson's 18th edCh: 97.2 style=""font-size: 1.04761904761905em; font-family: Times New Roman, Times, serif"">. gov/pubmed/12030843Supplemental oxygen in premature infants leads to the development of bronchopulmonary dysplasia.The Pathogenesis Involves* Vasoconstriction in the retina is an early response to oxygen that can lead to Vaso-obliteration.* Neovascularization* FibrosisOxygen causes tissue injury through the formation of reactive oxygen intermediates and peroxidation of membrane lipids."
medmcqa,openlifescienceai/medmcqa,,train,104921,3,direct_reuse_or_small_rewrite,syndrome_specific_growth,Down syndrome; Turner syndrome,True,False,True,False,False,Megalencephaly is commonly seen in ______,1,subject: Pediatrics | topic: Growth and development,A: Down syndrome | B: Tay-Sach's disease | C: Turner syndrome | D: Intauterine infection,"Tay sachs disease:- Autosomal recessive. Low serum beta-hexosaminidase level is the characteristic metabolic defect. As a result GM2 ganglioside accumulates in the neurons. Initially milestones are delayed. Later there is regression of development and death occurs by 2-4 years. The baby has an abnormal stale to response. Convulsions, rigidity of extensor group of muscles and blindness supervene after the first year. A cherry red spot seen over the macular region of retina. The head size increases. Liver and spleen not enlarged. Reference: GHAI essential Paediatrics"
medmcqa,openlifescienceai/medmcqa,,train,107408,3,direct_reuse_or_small_rewrite,percentile_or_quantitative_interpretation,growth velocity; stature,True,False,False,False,True,Early epiphyseal closure is seen with _________,2,subject: Pediatrics | topic: Growth and development,A: LH | B: FSH | C: Estrogen | D: Progesterone,"The growth velocity decreases and may even be zero after epiphyseal fusion, that is, after growth plate closure in late pubey. Precocious pubey (PP) is a known cause of sho stature after earlier pubey due to premature closure of growth plates in long bones Precocious pubey may be due to increased estrogen . Ref : Nelson paediatrics Chapter : Growth and deve"
medmcqa,openlifescienceai/medmcqa,,train,109161,3,direct_reuse_or_small_rewrite,percentile_or_quantitative_interpretation,child; growth velocity; height; length,True,False,False,False,True,Which of the following is the first sign of pubey in girls?,1,subject: Pediatrics | topic: Adolescence,A: Pubarche | B: Thelarche | C: Menarche | D: Growth spu,"Adolescence: Stage of transmission from childhood to adulthood. During this stage, there will be an appearance of sexual characters with changes in cognition and psychology. Adolescence refers to this entire process, pubey refers to the physical aspect. Age 10-19 year is considered as a period of adolescence and pubey marks the early half of adolescence. Pubey in girls stas with breast development( thelarche) anytime between 8-13 years. This is followed by an appearance of pubic hair ( pubarche) and subsequently menstruation ( menarche), occurring at an average of 12.6 years. Menarche occurs after 2-21/2 years of thelarche. In boys, the earliest change is an increase in testicular size( testicular volume reaching 4 ml) and this occurs between 9-14 years. This is followed by an appearance of pubic hair and lengthening of the penis. Spermarche( sperm production) stas during mid-adolescence. Laryngeal growth, manifesting as cracking of voice, begins in boys in mid-pubey, deepening of voice is complete by end of pubey. During pubey, boys gain 20-30 cm and girls 16-28 cm of height. Peak growth velocity in girls occurs before attainment of menarche. Boys have their peak growth in later stages of pubey. Reference: GHAI Essential pediatrics, 8th edition"
medmcqa,openlifescienceai/medmcqa,,train,113984,3,direct_reuse_or_small_rewrite,percentile_or_quantitative_interpretation,Adolescent; child; growth velocity; height; length,True,False,False,False,True,Adolescent stas at the age of?,1,subject: Pediatrics | topic: Adolescence,A: 7 years | B: 10 years | C: 14 years | D: 17 years,"Adolescence: Stage of transmission from childhood to adulthood. During this stage, there will be an appearance of sexual characters with changes in cognition and psychology. Adolescence refers to this entire process, pubey refers to the physical aspect. Age 10-19 year is considered as a period of adolescence and pubey marks the early half of adolescence. Pubey in girls stas with breast development( thelarche) anytime between 8-13 years. This is followed by an appearance of pubic hair ( pubarche) and subsequently menstruation ( menarche), occurring at an average of 12.6 years. Menarche occurs after 2-21/2 years of thelarche. In boys, the earliest change is an increase in testicular size( testicular volume reaching 4 ml) and this occurs between 9-14 years. This is followed by an appearance of pubic hair and lengthening of the penis. Spermarche( sperm production) stas during mid-adolescence. Laryngeal growth, manifesting as cracking of voice, begins in boys in mid-pubey, deepening of voice is complete by end of pubey. During pubey, boys gain 20-30 cm and girls 16-28 cm of height. Peak growth velocity in girls occurs before attainment of menarche. Boys have their peak growth in later stages of pubey. Reference: GHAI Essential pediatrics, 8th edition"
medmcqa,openlifescienceai/medmcqa,,train,115882,3,direct_reuse_or_small_rewrite,prematurity_or_perinatal_growth; syndrome_specific_growth,Achondroplasia; IUGR; infant,True,False,True,True,False,Anterior fontanelle is closed at,2,"subject: Pediatrics | topic: Growth, Development, and Behavior",A: < 3 months | B: 12 months | C: 12-18 months | D: > 3 years,"[Cl (12-18 months) Ref: 525, 1974-Nelson 17,h1. Anterior fontanelle: Formed by joining of four sutures in the midline, Diamond shape, 2 by 2 cm measurements* The floor is formed by membranous and it becomes ossified 18 month after birth. It becomes pathological, if it fails to ossify even after 24 months (84 - Dutta 6th)* The average time of closure is 18 months but the fontanel may normally close as early as 9 months. The fontanele is normally slightly depressed and pulsatile and is best evaluated when an infant is held upright while asleep or feeding (1974-Nelson 17th)Disorders associated with a large anterior fontanel* Achondroplasia* IUGR* Apert syndrome* Kenny syndrome* Athyrotic hypothyroidism* Osteogenesis imperfecta* Cleidocranial dysostosis* Prematurity* Congenital rubella syndrome* Pyknodysostosis* Hallermann-Streiff syndrome* Russell - Silver syndrome* Hydrocephaly* 13 - 18, 21 trisomies* Hypophosphatasia* Vitamin D deficiency ricketsPersistently small fontanels suggest microcephaly, cranio synostosis congenital hyperthyroidism or wormian bones2. Posterior fontanelle: between the intersection of the occipital and parietal bones that may be closed at birth or at the most admit the tip of finger. The posterior fontanele is usually closed and nonpalpable after the first 6- 8 weeks of life.Its persistence suggests underlying hydrocephalus or possibility of congenital hypothyroidism"
medmcqa,openlifescienceai/medmcqa,,train,118999,3,direct_reuse_or_small_rewrite,chart_selection; percentile_or_quantitative_interpretation; growth_disorder_differential,Constitutional delay; Stature; child; height; percentile; stature,True,True,False,False,True,What condition does the dotted line in the following growth cha represent?,0,subject: Pediatrics | topic: Sho Stature,A: Constitutional delay in growth & pubey | B: Familial sho stature | C: Normal height throughout childhood | D: Chronic malnutrition,"Constitutional delay in growth & pubey: The given curve shows that the child's height remains below and parallel to the 3rd percentile line during childhood. Pubey is delayed. An acceleration of growth is seen during mid & late adolescence, with the final adult height attained being normal."
medmcqa,openlifescienceai/medmcqa,,train,121496,3,direct_reuse_or_small_rewrite,percentile_or_quantitative_interpretation,child; growth velocity; height; length,True,False,False,False,True,Maximum growth spu is seen in girls at time of,2,subject: Pediatrics | topic: Adolescence,A: Pubarche | B: Thelarche | C: Menarche | D: Adrenarche,"Adolescence: Stage of transmission from childhood to adulthood. During this stage, there will be an appearance of sexual characters with changes in cognition and psychology. Adolescence refers to this entire process, pubey refers to the physical aspect. Age 10-19 year is considered a period of adolescence and pubey marks the early half of adolescence. Pubey in girls stas with breast development( thelarche) anytime between 8-13 years. This is followed by an appearance of pubic hair ( pubarche) and subsequently, menstruation ( menarche), occurring at an average of 12.6 years. Menarche occurs after 2-21/2 years of thelarche. In boys, the earliest change is an increase in testicular size( testicular volume reaching 4 ml) and this occurs between 9-14 years. This is followed by an appearance of pubic hair and lengthening of the penis. Spermarche( sperm production) stas during mid-adolescence. Laryngeal growth, manifesting as cracking of voice, begins in boys in mid-pubey, deepening of voice is complete by end of pubey. During pubey, boys gain 20-30 cm and girls 16-28 cm of height. Peak growth velocity in girls occurs before attainment of menarche. Boys have their peak growth in later stages of pubey. Reference: GHAI Essential pediatrics, 8th edition"
medmcqa,openlifescienceai/medmcqa,,train,121635,3,direct_reuse_or_small_rewrite,chart_selection; percentile_or_quantitative_interpretation; growth_disorder_differential; prematurity_or_perinatal_growth; syndrome_specific_growth,Bone age; Child; Constitutional delay; Down syndrome; Growth hormone deficiency; achondroplasia; centile; child; growth velocity; height; length; percentile; small for gestational age; stature,True,True,True,True,True,"A child is below the third percentile for height. His growth velocity is normal, but chronologic age is more than skeletal age. The most likely diagnosis is",0,subject: Pediatrics | topic: Growth and development,A: Constitutional delay in growth | B: Genetic sho stature | C: Primordial dwarfism | D: Hypopituitarism,"sho stature: Defined as height below third centile or more than 2 standard detions below the median height for age and gender according to the population standard. Children whose stature s more than 3 SD below the population mean for age and gender are more likely to be suffering from pathological sho stature as compared to those with stature between -2 and -3SD , who are more likely to be affected by familial or constitutional sho stature. CAUSES:- 1. Most common cause is constitutional. 2. Familial 3. Pathological causes include: Undernutrition Chronic systemic illness Cerebral palsy Congenital hea disease Cystic fibrosis,asthma Malabsorption Acquired immunodeficiency syndrome 4. Endocrine causes include: Growth hormone deficiency Hypothyroidism Cushing syndrome Pseudohypoparathyroidism Precocious or delayed pubey 5. Psychosocial dwarfism 6. Children born small for gestational age. 7. Skeletal dysplasia; achondroplasia, rickets. 8. Genetic syndrome; Turner, Down syndrome. Constitutional growth delay:- These children are born with a normal length and weight and grow normally for first 6-12 months of life. Their growth then shows a decelration so that the height and weight fall below third centile. By 3 yr of age, normal height velocity is resumed abd they continue to grow just below and parallel to tge 3rd centile with a normal height velocity. Bone age is lower than chronological age and corresponds to the height age. History of delayed pubey and delayed height spu is usually present in one or both parents. Reference: GHAI Essential pediatrics, 8th edition"
medmcqa,openlifescienceai/medmcqa,,train,123116,3,direct_reuse_or_small_rewrite,chart_selection,Head circumference; Length; height; length,True,True,False,False,False,Birth length is double at the age of,3,"subject: Pediatrics | topic: Growth, Development, and Behavior",A: 1 years | B: 2 years | C: 3 years | D: 4 years,D. i.e. (4 years) (4 Ghai 6th) (6 - Ghai 7th)WeightLength or heightHead circumference*birth - about =3 kg*birth50 cm*Birth34 cm5 month(Doubles)6 kg1 years75 cm1 years45 cm1 years9 kg2years85 cm2years47 cm2 years12 kg3 years95 cm 3 years14 kg4 years(doubles)100 cm3 years49 cm4 years16 kg 4 years50 cm* A useful guide for normal range is target height + 7 cm for girls and target height + 8.5 cm for boys
medmcqa,openlifescienceai/medmcqa,,train,124394,3,direct_reuse_or_small_rewrite,chart_selection,Growth Reference; child; infant,True,False,False,False,False,All are unique features of WHO growth chas 2006 EXCEPT:,1,subject: Pediatrics | topic: Growth,A: It establishes breastfed infant as normative growth model | B: Sample collected from ten countries including India | C: Includes new indicators such as skinfold thickness | D: Reiterates children grow similarly across the World,WHO growth chas- based upon MGRS (Multicentre Growth Reference Study) conducted in 6 countries across the world including India. Babies who were breastfed for at least first few months of life were included. Includes new indicators such as skinfold thickness Reiterates children grow similarly across the World
medmcqa,openlifescienceai/medmcqa,,train,124435,3,direct_reuse_or_small_rewrite,percentile_or_quantitative_interpretation; growth_disorder_differential,Bone age; Stature; bone age; growth hormone deficiency; stature,True,False,False,False,True,"Sho stature, secondary to growth hormone deficiency is associated with all of the following EXCEPT?",1,subject: Pediatrics | topic: Sho Stature,A: Normal body propoion | B: Normal bone age | C: Delayed dentition | D: Delayed pubey,Sho stature due to human growth hormone deficiency is characterized by: Normal body propoion Delayed dentition Bone age delayed Delay in sexual development
medmcqa,openlifescienceai/medmcqa,,train,127052,3,direct_reuse_or_small_rewrite,growth_disorder_differential; prematurity_or_perinatal_growth,IUGR; child; short stature,True,False,False,True,False,Fetal alcohol syndrome,3,"subject: Pediatrics | topic: Growth, Development, and Behavior",A: Microcephaly | B: Deafness | C: Short palpebral fissure | D: All of the above,"Ans. d. All of the aboveFETAL ALCOHOL SYNDROME (FAS)Findings--variableBehavioral abnormalitiesCardiac anomalies: VSD>ASD, tetralogy of Fallot.Fine motor dysfunctionIrritability in infancy, hyperactivity in childhoodJoint abnormalities--abnormal position and/or functionMental retardation, microcephalyMid-face dysmorphism (abnormal frontal lobe development), short palpebral fissures, maxillary hypoplasia, short nose, smooth philtrum, thin and smooth upper lipPre-(symmetric IUGR) and postnatal growth deficiency (short stature)Extra MileFetal hydantoin syndromeFetal valproate syndrome*. Similar features with prenatal exposure to carbamazepine, valproate, primidone, and phenobarbital*. No dose-response relationship has been demonstrated*. Growth deficiency*. Borderline to mild mental retardation*. Dysmorphic facial features; short neck; abnormal palmar crease*. Rib abnormalities*. Hirsutism*. Cupid's-bow lips*. Midface hypoplasia; cleft lip*. Cardiac defects*. Long, thin fingers and toes; convex nails*. Meningomyelocele"
medmcqa,openlifescienceai/medmcqa,,train,128308,3,direct_reuse_or_small_rewrite,syndrome_specific_growth,Down syndrome,True,False,True,False,False,The Simian crease is not seen in ______,3,subject: Pediatrics | topic: Growth and development,A: Down syndrome | B: Trisomy 13 | C: Cri du chat syndrome | D: Cystic Fibrosis,Simian crease (single transverse palmar crease) is not seen in cystic fibrosis. Simian crease is seen in : Down&;s syndrome Fetal alcohol sydrome Trisomy 13 Cri du chat syndrome Ref: Online resources
medmcqa,openlifescienceai/medmcqa,,train,132016,3,direct_reuse_or_small_rewrite,chart_selection; percentile_or_quantitative_interpretation,Weight-for-age; child; growth standards; weight-for-age; z-score,True,True,False,False,True,WHO defines moderate malnutrition as:,0,"subject: Pediatrics | topic: Growth, Development, and Behavior",A: Weight-for-age between -3 and -2 z-scores below the median of the WHO child growth standards. | B: Weight-for-age between -1 and -2 z-scores below the median of the WHO child growth standards. | C: Weight-for-age between -3 and -4 z-scores below the median of the WHO child growth standards. | D: Weight-for-age < -3 z-scores below the median of the WHO child growth standards.,Ans. A. Weight-for-age between -3 and -2 z-scores below the median of the WHO child growth standards.Moderate malnutrition according to WHO: weight-for-age between -3 and -2 z-scores below the median of the WHO child growth standards.Severe malnutrition: weight-for-age < -3 z-scores below the median of the WHO child growth standards.
medmcqa,openlifescienceai/medmcqa,,train,141350,3,direct_reuse_or_small_rewrite,percentile_or_quantitative_interpretation; growth_disorder_differential,Bone age; Height; Stature; bone age; constitutional delay; height; stature,True,False,False,False,True,Which of the following is not a feature of constitutional growth delay?,1,subject: Pediatrics | topic: Sho Stature,A: Normal height velocity | B: Normal bone age | C: Delayed Pubey | D: Final height normal,Distinction between constitutional delay in growth and familial sho stature Feature Constitutional growth delay Familial sho stature Height Sho Sho Height velocity Normal Normal Family history Delayed pubey Sho stature Bone age Less than chronological age Equal to the chronological age Pubey Delayed Normal Final height Normal Low but normal for target height
medmcqa,openlifescienceai/medmcqa,,train,142274,3,direct_reuse_or_small_rewrite,percentile_or_quantitative_interpretation; growth_disorder_differential,Bone age; Child; GH deficiency; Growth hormone deficiency; Short stature; height,True,False,False,False,True,GH deficiency is diagnosed by -,0,subject: Pediatrics | topic: Endocrinology,A: Bone age less than chronological age | B: Bone age more than chronological age | C: Bone age equal to chronological age | D: Ratio of upper to lower segment of body is increased,"Ans. is 'a' i.e., Bone age less than chronological age Short stature due to Human Growth hormone deficiency in characterized by -1. Ratio of upper to lower segment is normal.2. Bone age or epiphyseal development is less than chronological age by about 2 years.3. Childrens are normal in height and weight at birth.4. Delay in growth is usually observed after the age of one year."
medmcqa,openlifescienceai/medmcqa,,train,142560,3,direct_reuse_or_small_rewrite,percentile_or_quantitative_interpretation; growth_disorder_differential,child; failure to thrive; growth velocity; height,True,False,False,False,True,Which of the following is true about the growth cha shown below?,2,subject: Pediatrics | topic: Growth,A: It is a growth velocity curve | B: It can be used to know whether a child has wasting or not | C: It is used for serial assessment of growth status of a girl | D: It cannot detect 'failure to thrive',"Discussing about the options one by one, a. False; It is the weight for age growth cha, not a growth velocity cha b. False; Wasting is decrease in weight for height, but this is a weight for age cha e. True; It is used for serial assessment of growth status of a girl c. False; It can be used to detect 'failure to thrive' i.e. not gaining weight properly"
medmcqa,openlifescienceai/medmcqa,,train,146031,3,direct_reuse_or_small_rewrite,chart_selection; percentile_or_quantitative_interpretation,Head circumference; child; head circumference; infant; percentile,True,True,False,False,True,Microcephaly is defined as a:,0,"subject: Pediatrics | topic: Growth, Development, and Behavior",A: Head circumference more than 2 SD above the mean for age and sex | B: Head circumference more than 3SD above the mean for age and sex | C: Head circumference more than 10th percentile above the mean for age and sex | D: Head circumference more than 15th percentile above the mean for age and sex,"Ans. A. Head circumference more than 2 SD above the mean for age and sexMacrocephaly is defined as head circumference more than two standard deviations (SD) above the mean value for a given age and gender. It has to be differentiated from megalencephaly, which is defined as increase in the size of the brain parenchyma. Head circumference is measured to monitor head growth in infants and children. It is also known as occipitofrontal circumference (OFC) and it denotes the size of the cranium. Macrocephaly can result from enlargement of the skull bones or an increase in the volume of the intracranial structures like cerebrospinal fluid, blood, or the brain parenchyma itself (megalencephaly). It may be secondary to raised intracranial pressure or space-occupying lesions. It can also be a feature of various congenital syndromes and is then referred to as Syndromic macrocephaly. The pathogenesis is therefore cause-dependent."
medmcqa,openlifescienceai/medmcqa,,train,149464,3,direct_reuse_or_small_rewrite,syndrome_specific_growth,ACHONDROPLASIA; Achondroplasia; Stature; child; stature,True,False,True,False,False,A child presented with sho stature and some abnormalities of the hand and pelvis. What is your diagnosis.,3,subject: Pediatrics | topic: Sho Stature,A: Rickets | B: Osteogenesis imperfecta | C: Cushing syndrome | D: Achondroplasia,Image A: Sho limb Image B: Trident hand Image C: Champagne glass pelvis All these features seen in ACHONDROPLASIA Other features include: A - Autosomal dominant inheritance C - Champagne glass pelvis H - Hand abnormality O - Obesity N - Neurological problems D - Delayed motor milestones R - Recognized at bih O - Bowing of legs P - Proximal limb shoening L - Large head S - Sho stature I - Interpedicular distance between veebrae is decreased
medmcqa,openlifescienceai/medmcqa,,train,150702,3,direct_reuse_or_small_rewrite,chart_selection; percentile_or_quantitative_interpretation; growth_disorder_differential,Constitutional delay; Height; child; growth velocity; height; percentile; short stature,True,True,False,False,True,"A child is below the third percentile for height. His growth velocity is normal, but chronologic age is more than skeletal age. The most likely diagnosis is:",0,"subject: Pediatrics | topic: Growth, Development, and Behavior",A: Constitutional delay in growth | B: Genetic short stature | C: Primordial dwarfism | D: Hypopituitarism,"a. Constitutional delay in growth(Ref: Nelson's 20/e p 2643, Ghai 8/e p 35-37)The child in this Question has: Height below 3rd percentile, i.e., short stature.Normal growth velocity, i.e., normal variant of short stature and Skeletal age is less than chronological age.So, this child has Constitutional delay in growth."
medmcqa,openlifescienceai/medmcqa,,train,154581,3,direct_reuse_or_small_rewrite,prematurity_or_perinatal_growth,IUGR; gestational age; length,True,False,False,True,False,Ponderal index in malnourished babies is:,1,subject: Pediatrics | topic: Assessment of Growth,A: <1 | B: <2 | C: <4 | D: <6,"Ans. (b) <2Ref: Rudolph Pediatrics 22th ed./191Ponderal index = weight in grams/ (length of baby in cm)3 multiplied by 100# If value is less than 2 = Asymetrical IUGR# If value is more than 2= symmetrical IUGR* Asymmetrical IUGR is more common. In asymmetrical IUGR, there is restriction of weight followed by length. The head continues to grow at normal or near-normal rates (head sparing). This is a protective mechanism that may have evolved to promote brain development. This type of IUGR is most commonly caused by extrinsic factors that affect the fetus at later gestational ages.* Symmetrical IUGR is less common and is more worrisome. This type of IUGR usually begins early in gestation. Since most neurons are developed by the 18th week of gestation, the fetus with symmetrical IUGR is more likely to have permanent neurological sequelae."
medmcqa,openlifescienceai/medmcqa,,train,155524,3,direct_reuse_or_small_rewrite,chart_selection,child; head Circumference; length,True,True,False,False,False,Prenatal exposure to cigarette smoke is associated with all except,0,subject: Pediatrics | topic: Growth and development,A: Neonatal Diabetes | B: Learning problems | C: Shoer length | D: Changes in neonatal neurodevelopmental status,"Prenatal exposure to cigarette smoke is associated with lower bihweight, shoer length, and smaller head Circumference, as well as changes in neonatal neurodevelopmental assessments. Later, these children are at increased risk for learning problems, externalizing behavror disorders, and long-term health effects. Ref:- Nelson&;s textbook of paediatrics; pg num:- 345"
medmcqa,openlifescienceai/medmcqa,,train,157929,3,direct_reuse_or_small_rewrite,chart_selection; percentile_or_quantitative_interpretation; growth_disorder_differential; prematurity_or_perinatal_growth; syndrome_specific_growth,Achondroplasia; Bone age; Constitutional delay; Down syndrome; Familial short stature; IUGR; Puberty; Short stature; bone age; centile; child; delayed puberty; familial short stature; growth velocity; height; length; short stature,True,True,True,True,True,In all the following conditions bone age will be decreased except:,2,"subject: Pediatrics | topic: Growth, Development, and Behavior",A: Congenital hypothyroidism | B: Constitutional delay | C: Familial short stature | D: Rickets,"2Ans: c (Familial short stature) Ref: OP Ghai, 6th ed, p. 50In familial short stature, bone age is equal to chronological age.Familial short stature* Short parents* Short child* Bone age normal i.e.,= chronological age* Ht < expected for age i.e., height age is reduced* Ht age < chronological age =bone ageCongenital hypothyroidism* Delayed bone age* Epiphyseal dysgenesis* Skull -large fontanelle / wide sutures and wormian boneConstitutional short stature* Normal weight and length at birth* Normal growth in first year, then decelerates to < 3rd centile* From about 3 years--growth velocity normal* Bone age < chronological age* Bone age = height age* Puberty delayed* History of short stature and delayed puberty in parents.* Eventual height and sexual development normal in both patients and parents.Short stature--causesProportionateDisproportionate* Normal variants--familial, constitutionalShort limbs * Achondroplasia* PrenatalIUGRIU infectionsChromosomal--Down syndrome* Rickets* Osteogenesis imperfecta* Hypothyroidism* PostnatalShort trunkNutritionalChronic diseasesEmotional deprivationEndocrine except cretinismHypothyroidismPseudohypoparathyroidism,Cushing syndrome* Mucopolysaccharidosis* Spondylo-epiphyseal dysplasia* Caries spineMost common cause of short stature is constitutional (AI2007)"
medmcqa,openlifescienceai/medmcqa,,train,158058,3,direct_reuse_or_small_rewrite,chart_selection; percentile_or_quantitative_interpretation; growth_disorder_differential,Constitutional delay; child; growth velocity; height; percentile; stature,True,True,False,False,True,"A child is below the third percentile for height. His growth velocity is normal, but chronologic age is more then skeletal age. The most likely diagnosis is _________",0,subject: Pediatrics | topic: Growth and development,A: Constitutional delay in growth | B: Genetic sho stature | C: Primordial dwarfism | D: Hypopituitarism,"Constitutional delay of growth and pubey (CDGP) is a term describing a temporary delay in the skeletalgrowth and thus height of a child with no physical abnormalities causing the delay. Reference: GHAI Essential pediatrics, 8th edition"
medmcqa,openlifescienceai/medmcqa,,train,162907,3,direct_reuse_or_small_rewrite,chart_selection; prematurity_or_perinatal_growth,child; corrected age; gestational age; infant; preterm,True,True,False,True,False,"Developmental delay should be suspected, if the developmental quotient (DQ) is below _____(%)",2,subject: Pediatrics | topic: Growth and development,A: 80 | B: 77 | C: 70 | D: 65,"Developmental delay should be suspected if the development quotient(DQ) is below 70%. It is calculated as: DQ= Development age/Chronological age * 100 In preterm infants, the corrected age rather than postnatal age is used till two years of age. For example, a child born at 32 weeks gestation (gestational age) seen at 12 weeks of age (postnatal age), should be considered as a 4-week old (corrected age) child. Ref: Ghai essential Pediatrics 9th edition Pgno: 50"
medmcqa,openlifescienceai/medmcqa,,train,165060,3,direct_reuse_or_small_rewrite,syndrome_specific_growth,Down syndrome,True,False,True,False,False,Down syndrome most commonly occurs due to ____,1,subject: Pediatrics | topic: Growth and development,A: Reciprocal translocation | B: Non-disjunction in maternal meiosis | C: Mosaicism | D: Non-disjunction in paternal meiosis,Down&;s syndrome occurs due to nondisjunction in maternal meiosis. Down&;s syndrome: Most common chromosomal disorder Incidence: 1/800 live bihs Mechanism: Trisomy 21 (meiotic maternal nondisjunction) (95%) Robesonian translocation: 4% Mosaic pattern: 1% Non-disjunction points to the failure of the homologous chromosome to seperate during the meiotic division. Ref: Nelson textbook of pediatrics 21st edition Pgno: 658
medmcqa,openlifescienceai/medmcqa,,train,165292,3,direct_reuse_or_small_rewrite,chart_selection; percentile_or_quantitative_interpretation; prematurity_or_perinatal_growth,Infant; Intrauterine Growth Restriction; SGA; Small for gestational age; gestational age; infant; percentile,True,True,False,True,True,SGA baby is one whose body weight is?,0,subject: Pediatrics | topic: High-Risk Infant - Prematurity & Intrauterine Growth Restriction,A: Less than 10th percentile | B: Less than 80th percentile | C: <34 weeks gestational age | D: None of the above,ANSWER: (A) Less than 10th percentileREF: OP Ghai 7th ed p. 129Small for gestational age is a statistical definition which denotes an infant whose body weight is less than 10 percentile of the population norms.
medmcqa,openlifescienceai/medmcqa,,train,166178,3,direct_reuse_or_small_rewrite,prematurity_or_perinatal_growth,preterm,True,False,False,True,False,Blood specimen for Neonatal thyroid screening is obtained on,3,subject: Pediatrics | topic: Endocrinology,A: Cord blood | B: 24 hours after bih | C: 48 hours after bih | D: 72 hours after bih,"GUIDELINES FOR NEONATAL THYROID SCREENING - AMERICAN ACADEMY OF PEDIATRICS When to screen: Normal hospital delivery at term - Filter paper collection ideally at 2-4 days of age or at time of discharge NICU / preterm home bih - Within 7 days of bih Maternal history of thyroid medication / family history of congenital hypothyroidism - cord blood for screening Cord blood is to be used only if there is family history of hypothyroidism. In normal delivery, blood is taken at 2-4 days of age. Reference: GHAI Essential pediatrics, 8th edition"
medmcqa,openlifescienceai/medmcqa,,train,177527,3,direct_reuse_or_small_rewrite,percentile_or_quantitative_interpretation,child; growth velocity; height; length,True,False,False,False,True,The following is usually the first sign of pubey in girls ?,3,subject: Pediatrics | topic: Adolescence,A: Onset of menstruation | B: Appearance of pubic hair | C: Change in voice | D: Increase in breast size,"Adolescence: Stage of transmission from childhood to adulthood. During this stage, there will be an appearance of sexual characters with changes in cognition and psychology. Adolescence refers to this entire process, pubey refers to the physical aspect. Age 10-19 year is considered as a period of adolescence and pubey marks the early half of adolescence. Pubey in girls stas with breast development( thelarche) anytime between 8-13 years. This is followed by an appearance of pubic hair ( pubarche) and subsequently menstruation ( menarche), occurring at an average of 12.6 years. Menarche occurs after 2-21/2 years of thelarche. In boys, the earliest change is an increase in testicular size( testicular volume reaching 4 ml) and this occurs between 9-14 years. This is followed by an appearance of pubic hair and lengthening of the penis. Spermarche( sperm production) stas during mid-adolescence. Laryngeal growth, manifesting as cracking of voice, begins in boys in mid-pubey, deepening of voice is complete by end of pubey. During pubey, boys gain 20-30 cm and girls 16-28 cm of height. Peak growth velocity in girls occurs before attainment of menarche. Boys have their peak growth in later stages of pubey. Reference: GHAI Essential pediatrics, 8th edition"
medmcqa,openlifescienceai/medmcqa,,train,182126,3,direct_reuse_or_small_rewrite,percentile_or_quantitative_interpretation; growth_disorder_differential,Precocious puberty; SDS; infant,True,False,False,False,True,A 3-week-female infant is brought for ambiguous genitalia and hyperpigmentation of skin. She has hyponatremia and hyperkalemia. Which one of the following is the most likely diagnosis?,0,subject: Pediatrics | topic: Endocrinology,"A: 21 hydroxylase deficiency | B: 17 alpha hydroxylase deficiency | C: 17, 20 lyase deficiency | D: 11 beta hydroxylase deficiency","a. 21 hydroxylase deficiency(Ref: Nelson's 20/e p 2227-2729, Ghai 8/e p 525)The given clinical scenario of ambiguous genitalia, hyperpigmentation and electrolyte disturbances suggest a diagnosis of CAH due to 21 hydroxylase deficiency.Features Seen in Adrenal Enzyme Deficiency17-a-hydroxylase11-b hydroxylase21 hydroxylase and 3b-HSDSalt retention and hypertensionFeminization of maleSalt retention and hypertensionVirilization of femalePrecocious puberty in maleSalt losingVirilization of femalePrecocious puberty in male"
pubmedqa,qiaojin/PubMedQA,pqa_labeled,train,841,3,direct_reuse_or_small_rewrite,percentile_or_quantitative_interpretation,Adolescent; Child; Height; SDS; adolescent; child; z-score,True,False,False,False,True,Does maternal obesity have an influence on feeding behavior of obese children?,no,"contexts: Obese children and adolescents referred to the pediatric endocrinology department were enrolled consecutively. Height and weight of all children and their mothers were measured. Maternal feeding practices were measured using an adapted version of the Child Feeding Questionnaire (CFQ). Answers were compared between obese (Body Mass Index [BMI] ≥ 30 kg/m2) and non-obese mothers. | A total of 491 obese subjects (292 girls, mean age 12.0 ± 2.8 years) and their mothers participated in this study. A direct correlation between children's BMI and their mothers' BMI was found (P<0.001) both in girls (r = 0.372) and boys (r = 0.337). While 64.4% of mothers were found obese in the study, only half of them consider themselves as obese. No difference were found in the scores of the subscales ""perceived responsibility"", ""restriction"", ""concern for child's weight"" and ""monitoring"" between obese and non-obese mothers. Child's BMI-SDS positively correlated with mothers' personal weight perception, concern for child's weight and restriction after adjustment for child's age (P<0.001, P = 0.012 and P = 0.002, respectively). | labels: METHODS | RESULTS | meshes: Adolescent | Body Mass Index | Child | Cross-Sectional Studies | Feeding Behavior | Female | Humans | Male | Mother-Child Relations | Mothers | Obesity | Pediatric Obesity | Prevalence | Surveys and Questionnaires | reasoning_required_pred: y | e | s | reasoning_free_pred: n | o",yes | no | maybe,"Mothers' BMI highly correlate with children's BMI-z-scores. The degree of child's obesity increases mothers' concern and food restriction behavior. While mothers of obese children have a high prevalence of obesity, maternal obesity was found to have no significant influence on feeding behavior of obese school children."
medmcqa,openlifescienceai/medmcqa,,train,20891,2,rewrite_into_growth_benchmark,growth_disorder_differential,Constitutional delay; Growth hormone deficiency; Short stature; child; constitutional delay; short stature,True,False,False,False,False,A short stature child's growth variation is normal but bone development is not according to chronological age. What is your diagnosis?,2,"subject: Pediatrics | topic: Growth, Development, and Behavior",A: Genetic short stature | B: Dwarfism | C: Constitutional delay | D: Growth hormone deficiency,Ans. C. Constitutional delayShort stature children with normal growth variation include genetic (familial) short stature and constitutional delay. In genetic short stature bone development matches with the chronological age but not in constitutional delay in which bone development lags behind.
medmcqa,openlifescienceai/medmcqa,,train,41144,2,rewrite_into_growth_benchmark,growth_disorder_differential,adolescent; child; precocious puberty; puberty,True,False,False,False,False,Causes of precocious puberty in girls are all except:,3,subject: Pediatrics | topic: Endocrinology,A: Hypothalamic hamartoma | B: Hypothyroidism | C: McCune Albright syndrome | D: Prader Willi syndrome,"d. Prader Willi syndrome(Ref: Nelson's 20/e p2673, Ghai 8/e p 534)Discussing about the options one by onea. Hypothalamic hamartomas that secrete excess gonadotropin-releasing hormone are responsible for a significant proportion of cases of precocious pubertyc. McCune-Albright syndrome is a cause of peripheral precocious puberty, where, cutaneous pigmentation and fibrous dysplasia of the skeletal system are also seend. In Prader Willi syndrome, there is hypogonadism; So, sexual development is delayedb. In hypothyroidism, though puberty is usually delayed in adolescents, pseudo precocious puberty may be seen in younger children, as a result of abnormally high TSH concentrations binding to FSH receptor with subsequent stimulation"
medmcqa,openlifescienceai/medmcqa,,train,48559,2,rewrite_into_growth_benchmark,growth_disorder_differential,Delayed puberty,True,False,False,False,False,Delayed puberty is when primary amenorrhea is seen without development of secondary sexual characters beyond the age of?,2,subject: Pediatrics | topic: Endocrinology,A: 12 years | B: 14 years | C: 16 years | D: 18 years,"c. 16 years(Ref: Nelson's 20/e p 2673, Ghai 8/e p 534)Delayed puberty is defined as absence of secondary sexual characters by 14 yrs age or absence of menarche by 16 years."
medmcqa,openlifescienceai/medmcqa,,train,51823,2,rewrite_into_growth_benchmark,growth_disorder_differential,precocious puberty,True,False,False,False,False,Central precocious puberty in a girl is defined as breast development before the age of?,1,subject: Pediatrics | topic: Endocrinology,A: 6 years | B: 8 years | C: 12 years | D: 10 years,"b. 8 years(Ref: Nelson's 20/e p2656, Ghai 8/e p 534)Central precocious puberty is defined by onset of breast development before the age of 8 yrs in girls and by onset of testicular development (vol 4mL) before the age of 9 yrs in boys, as a result of early activation of hypothalamic-pituitary-gonadal axis."
medmcqa,openlifescienceai/medmcqa,,train,59829,2,rewrite_into_growth_benchmark,growth_disorder_differential,precocious puberty,True,False,False,False,False,A five-year-old boy has precocious puberty along with BP 130/80 mm Hg. Estimation of which of the following will help in diagnosis?,1,subject: Pediatrics | topic: Endocrinology,A: 17-Hydroxyprogesterone | B: 11-Deoxycortisol | C: Aldosterone | D: DOCA,"b. 11-Deoxycortisol(Ref: Nelson's 20/e p 2714-2723, Ghai 8/e p 526-527)Hypertension and precocious puberty in males can be seen in 11 beta hydroxylase deficiency, which can be diagnosed by increased 11 deoxy cortisol levels."
medmcqa,openlifescienceai/medmcqa,,train,66774,2,rewrite_into_growth_benchmark,growth_disorder_differential,Precocious puberty,True,False,False,False,False,"Association of sexual precocity, multiple cystic bone lesions and endocrinopathies are seen in:",0,subject: Pediatrics | topic: Endocrinology,A: McCune-Albright's syndrome | B: Granulosa cell tumor | C: Androblastoma | D: Hepatoblastoma,"a. McCune-Albright's syndrome(Ref: Nelson's 20/e p 2660, Chai 8/e p 532)McCune-Albright's syndrome is characterized by:Cafe-au-lait spotsPrecocious pubertyPolycystic fibrous dysplasia of skeletonEndocrinopathy-Hypothyroidism"
medmcqa,openlifescienceai/medmcqa,,train,67813,2,rewrite_into_growth_benchmark,growth_disorder_differential,Precocious puberty; precocious puberty,True,False,False,False,False,"A 6-year-old girl presents with precocious puberty, some bony lesions & hyperpigmented skin lesions as shown below. What is the most probable diagnosis?",3,subject: Pediatrics | topic: Endocrinology,A: Prader Willi syndrome | B: Laurence Moon syndrome | C: Cushing syndrome | D: McCune-Albright syndrome,"d. McCune-Albright syndromePrecocious puberty, polyostotic fibrous dysplasia & cafe au lait spots are features of McCune Albright syndrome"
medmcqa,openlifescienceai/medmcqa,,train,81974,2,rewrite_into_growth_benchmark,growth_disorder_differential,precocious puberty,True,False,False,False,False,Drug of choice for precocious puberty:,3,subject: Pediatrics | topic: Endocrinology,A: Cyproterone acetate | B: Danazol | C: Medroxyprogesterone | D: GnRH agonists,"d. GnRH agonists(Ref: Nelson's 20/e p 2658)Nelson latest ed says: ""Long-acting formulations of GnRH agonists, which maintain fairly constant serum concentrations of the drug for weeks or months, constitute the preparations of choice for treatment of central precocious puberty."""
medmcqa,openlifescienceai/medmcqa,,train,86928,2,rewrite_into_growth_benchmark,growth_disorder_differential,precocious puberty,True,False,False,False,False,Most common brain lesion causing central precocious puberty is:,3,subject: Pediatrics | topic: Endocrinology,A: Tuberculous meningitis | B: Tuberous sclerosis | C: Astrocytoma | D: Hypothalamic hamartoma,d. Hypothalamic hamartoma(Ref: Nelson's 20/e p 2658-2659)Hypothalamic hamartomas are the most common brain lesion causing central precocious puberty.
medmcqa,openlifescienceai/medmcqa,,train,92891,2,rewrite_into_growth_benchmark,growth_disorder_differential,Growth hormone deficiency,True,False,False,False,False,"Clinical manifestations of hoarse cry, umbilical hernia, hypotonia, mottling of skin, lethargy, prolonged jaundice is seen in:",3,subject: Pediatrics | topic: Endocrinology,A: Gaucher's disease | B: Mucopolysaccharidosis | C: Growth hormone deficiency | D: Congenital hypothyroidism,"d. Congenital hypothyroidism(Ref: Nelson's 20/e p 2669-2773, Ghai 8/e p 516-521)The given clinical features, i.e. hoarse cry, umbilical hernia, hypotonia, mottling of skin, lethargy, prolonged jaundice suggest a diagnosis of congenital hypothyroidismClinical Features of Congenital Hypothyroidism:Thyroid dysgenesis presents at birth; ectopic thyroid usually presents late10-15% of cases due to inborn errors of thyroid hormone synthesis and often present after infancyOne of the earliest signs of congenital hypothyroidism is patent posterior fontanele and wide open cranial sutures.Umbilical hernia, constipation, hypothermia, feeding difficulty, breathing difficulty, prolonged physiological jaundice and hypotoniaMuscles are usually flaccid and hypotonic except in one variant, Kocher-Debre-Semelaigne syndrome, where muscles (esp calf muscles) are hypertrophied; returns to normal with treatmentsDentition is delayed and DTR slow relaxation; refractory anemia is common."
medmcqa,openlifescienceai/medmcqa,,train,94682,2,rewrite_into_growth_benchmark,growth_disorder_differential,child; failure to thrive; neonate,True,False,False,False,False,"2 year old child presented with diarrhoea and failure to thrive, Blood examination shows - Na = 122, K-6. He is most probably suffering from",1,subject: Pediatrics | topic: Endocrinology,A: Bater syndrome | B: 21- Hydroxylase deficiency | C: 11 - ss Hydroxylase deficiency | D: 17-a Hydroxylase deficiency,"Patients with 21-hydroxylase deficiency are the most severly affected and present in neonatal period with virilization and salt wasting.Abnormal genital appearance should promot the diagnosis in girls.Diagnosis is often missed in boys as they lack specific clinical features.They present after second week of life with failure to thrive, polyuria, hyperpigmentation,and shock.Early diagnosis is mandatory to prevent moality.21-hydroxylase deficiency should be suspected in neonates with ambiguous genitalia,polyuria,shock,recurent vomiting and features of sepsis with negative septic screen. Reference: OP Ghai,essential paediatrics ,8 th edition,page no 526"
medmcqa,openlifescienceai/medmcqa,,train,101679,2,rewrite_into_growth_benchmark,growth_disorder_differential,infant; precocious puberty; puberty,True,False,False,False,False,Congenital adrenal hyperplasia is the most common cause of,3,subject: Pediatrics | topic: Endocrinology,A: True hermaphroditism | B: Male pseudohermaphroditism (underandrogenized male 46XY) | C: Turner's syndrome | D: Female pseudohermaphroditism (androgenized female 46XX),"Ans. d. (Female pseudohermaphroditism ) (Ref. Guyton 11th ed., Table 23-1).Congenital Adrenal Hyperplasia# Usually due to a congenital enzyme charactrized by cortisol deficiency and enlargement of adrenal glands# There are 3 most common forms; all cause virillism and are called adrenogenital syndromes;- Partial 21-hydroxylase deficiency: normal aldosterone function and impaired cortisol production.- Salt-losing syndrome: near total 21-hydroxylase deficiency and aldosterone deficiency; infants present with vomiting, dehydration, hyponatremia, hyperkalemia- 11-hydroxylase deficiency: leads to excessive androgen production and buildup of 11-deoxycorticosterone (strong mineralocorticoid), causing virilization, hypertension, hypokalemia.CLASSIFICATION OF THE MAJOR DISORDERS OF SEX DIFFERENTIATION IN HUMANS# Chromosomal disorders- Gonadal dysgenesis (XO and variants)- ""Superfemales"" (XXX)- Seminiferous tubule dysgenesis (XXY and variants)- True hermaphroditism# Developmental disorders- Female pseudohermaphroditism# Congenital virilizing adrenal hyperplasia of fetus# Maternal androgen excess# Virilizing ovarian tumor# Iatrogenic: Treatment with androgens or certain synthetic progestational drugs- Male pseudohermaphroditism# Androgen resistance# Defective testicular development# Congenital 17-hydroxylase deficiency# Congenital adrenal hyperplasia due to blockade of pregnenolone formation# Various non-hormonal anomaliesCongenital Adrenal HyperplasiaEnzyme deficiencyGlucocorticoidsMineralocarticoidsAndrogensOther effects20, 22 desmolase|||# Lethal if complete3 b-OH SDH||| DHEA# Masculinization of females in utero# Incomplete precocious puberty (males)# Adrenal hyperplasia# Hyponatremia and hypovolemia21b-OH|||# Masculinization of females in utero# Incomplete prococious puberty (males)# Adrenal hyperplasia# Hyponatremia and hypovolemia11 b-OH|| aldosterone|| |DOC* # Mineralocorticoid excess (DOC)# Hypervolemia and hypernatremia# Sexual effects as above17 a-OH||aldosterone| | |DOC*||# DOC excess# Absent 2deg sexual aspects both sexes# Amenorrhea17, 20LNormalNormal||# Absent 2deg sexual aspects both sexes# Amenorrhea"
medmcqa,openlifescienceai/medmcqa,,train,111009,2,rewrite_into_growth_benchmark,growth_disorder_differential,Adolescent; precocious puberty; puberty,True,False,False,False,False,First sign of puberty in boys is,0,subject: Pediatrics | topic: Adolescence,A: Testes enlargement | B: Breast enlargement | C: Penis enlargement | D: Scrotum enlargement,(Testes enlargement) (68-G) (498-Ghai 7th)First sign of sexual maturation is enlargement of breast in female and testes in boy (68-G)* Pubertal onset before he age of 8 years in girl and 9.5 years in boys is suggestive of precocious pubertyAdolescentWHO/UN definitionsStages of adolescence* Adolescent = 10-19 years* Youth = 15-24 years* Young people = 10-24 years* Early adolescence = 9-13 years* Mid adolescence = 14-15 years* Late adolescence = 16-19 years* Menarche usually occurs at breast and pubic hairs stage 4
medmcqa,openlifescienceai/medmcqa,,train,128279,2,rewrite_into_growth_benchmark,growth_disorder_differential,infant; newborn; short stature,True,False,False,False,False,Hypothyroidism in infancy is characterized by all EXCEPT,3,subject: Pediatrics | topic: Endocrinology,A: Constipation | B: Coarse facies | C: Wide open cranial sutures | D: Hyperthermia,"D. i.e. (Hyperthermia) (481 - Ghai 7th) (483 - Ghai 6th)CONGENITAL HYPOTHYROIDS* Earliest sign - patent posterior fontanel and wide open cranial sutures* Skin is dry, thick, and coarse, cool and mottled* Abdomen is large, umbilical hernia* Lethargic and less active,* They sleep most of the time, cry little, feed poorly and often get choking spells during feeding* Nasal obstruction, noisy breathing and apnea* Physiological jaundice of these newborn infants persists due to delayed maturation of the glucuronide conjugation* Constipated**, Hypothermia By the age of 8 to 10 weeks* Course facies - puffy face, swollen eyelid, widly sparated eyes, narrow palpebral fissures, broad nose with depressed bridge* Open mouth with broad thick protuberant tongue* Neck is short and thick and supraclavicular pad of fat may be present* Voice is hoarse , skin appears pale* Hair is sparse, course and brittle* The muscles are flaccid and markedly hypotonic* Marked physical and mental retardation* Social smiles delayed, short stature* **Fontanel is widely open*** Dentition and skeletal maturation are also delayed* The deep tendon reflexes show delayed relaxation *** Refractory anemia is present* Pulse is slow and cardiomegaly and heart murmur"
medmcqa,openlifescienceai/medmcqa,,train,129817,2,rewrite_into_growth_benchmark,growth_disorder_differential,Precocious puberty,True,False,False,False,False,Precocious puberty in girls is defined by the onset of secondary sexual characteristics before the age of:,2,subject: Pediatrics | topic: Endocrinology,A: 5 years | B: 7 years | C: 8 years | D: 9 years,c. 8 years(Ref: Nelson's 20/e p 2656)Precocious puberty is defined by the onset of secondary sexual characteristics before the age of 8 yr in girls and 9 yr in boys.
medmcqa,openlifescienceai/medmcqa,,train,149250,2,rewrite_into_growth_benchmark,growth_disorder_differential,Delayed puberty; Puberty,True,False,False,False,False,"Puberty is said to be delayed in girls, if secondary sexual characteristic fail to appear by:",3,subject: Pediatrics | topic: Adolescence,A: 10 years | B: 12 years | C: 13 years | D: 14 years,"Ans. D. 14 yearsDelayed puberty is defined as lack of secondary sexual characteristics by the age of 14 years. Absence of menarche by the age of 16 years or 5 years after pubertal onset also indicates pubertal delay. Delayed puberty may be caused by defects in the hypothalamic- pituitary axis, ovaries or genital tract. Patients with anatomical defects present with amenorrhea with normal breast development. Defects in the hypothalamic- pituitary axis are associated with low gonadotropin levels (hypogonadotropic hypogonadism). This may be related to reversible causes like systemic diseases, malnutrition, eating disorders, hyperprolactinemia and hypothyroidism."
medmcqa,openlifescienceai/medmcqa,,train,155034,2,rewrite_into_growth_benchmark,growth_disorder_differential,tall stature,True,False,False,False,False,'Weak giants' are produced by:,3,subject: Pediatrics | topic: Endocrinology,A: Thyroid adenomas | B: Thyroid carcinomas | C: Parathyroid adenomas | D: Pituitary adenomas,"d. Pituitary adenomas(Ref: Nelson's 20/e p 2714-2724)Hyperpituitarism causes tall stature (Giants), with weak muscles; Most common cause of Hyperpituitarism is Pituitary adenoma."
medmcqa,openlifescienceai/medmcqa,,train,157836,2,rewrite_into_growth_benchmark,growth_disorder_differential,Precocious puberty; height; puberty,True,False,False,False,False,Early sign of puberty in male is enlargement of testes. In females it is determined by:,2,subject: Pediatrics | topic: Assessment of Growth,A: Pubarche | B: Menarche | C: Thelarche | D: Menstruation,"Ans. (c) ThelarcheRef: Nelson 18th ed,, Adolescence: chapter 12IN GIRLS* The first visible sign of puberty and the hallmark of SMR2 (Sexual maturity rating) is the appearance of breast buds, between 8 and 12 yr of age.* Menses typically begins 2-2 1/2 yr later, during SMR3-4 (median age, 12 yr), around the peak height velocity.IN BOYS* The first visible sign of puberty and the hallmark of SMR2 is testicular enlargement, beginning as early as 9 1/2 yr. This is followed by penile growth during SMR3. Peak growth occurs when testis volumes reach approximately 9-10 cm3 during SMR4.* Under the influence of LH and testosterone, the seminiferous tubules, epididymis, seminal vesicles, and prostate enlarge. The left testis normally is lower than the right. Erections are common, and nocturnal emissions may occur. The voice deepens, and linear growth is accelerated.Also remember: Precocious puberty is defined as the onset of secondary sexual characteristics before 8 year of age in girls and 9 year in boys."
